<?xml version='1.0' encoding='UTF-8' ?>
<timeLogEntries>
  <time path="/new&#10;/U1_Luis_Muñoz" flag="R" />
  <time id="50" path="/U1_Luis_Muñoz/PSP1/Planning" start="@1518375600315" delta="26" flag="A" />
  <time id="51" path="/U1_Luis_Muñoz/PSP1/Design" start="@1518377181937" delta="83" flag="A" />
  <time id="52" path="/U1_Luis_Muñoz/PSP1/Code" start="@1518382147844" delta="69" flag="A" />
  <time id="53" path="/U1_Luis_Muñoz/PSP1/Code" start="@1518387711265" delta="49" flag="A" />
  <time id="55" path="/U1_Luis_Muñoz/PSP1/Test" start="@1518390685658" delta="57" flag="A" />
  <time id="54" path="/U1_Luis_Muñoz/PSP1/Code" start="@1518293519000" delta="68" flag="A" />
  <time id="56" path="/U1_Luis_Muñoz/PSP1/Design" start="@1518217964000" delta="75" flag="A" />
  <time id="57" path="/U1_Luis_Muñoz/PSP1/Test" start="@1518397240249" delta="3" flag="A" />
</timeLogEntries>
