<?xml version='1.0' encoding='UTF-8' ?>
<timeLogEntries>
  <time path="/new&#10;/lab3Santy" flag="R" />
  <time id="146" path="/lab2estructuras/PSP0/Code" start="@1519675976801" delta="90" flag="A" />
  <time id="147" path="/lab2estructuras/PSP0/Code" start="@1520121429293" delta="81" flag="A" />
  <time id="148" path="/lab2estructuras/PSP0/Code" start="@1520193252803" delta="34" flag="A" />
  <time id="149" path="/lab2estructuras/PSP0/Code" start="@1520216678527" delta="49" flag="A" />
  <time id="150" path="/lab2estructuras/PSP0/Test" start="@1520787359194" delta="22" flag="A" />
  <time id="151" flag="D" />
  <time id="152" path="/estrcuturas lab santy/PSP0.1/Planning" start="@1523333264285" delta="1" flag="A" />
  <time id="153" path="/estrcuturas lab santy/PSP0.1/Design" start="@1523333268097" delta="1" flag="A" />
  <time id="154" path="/lab3Santy/PSP0/Planning" start="@1522617026000" delta="42" flag="A" />
  <time id="155" path="/lab3Santy/PSP0/Planning" start="@1522519535000" delta="17" flag="A" />
  <time id="156" path="/lab3Santy/PSP0/Code" start="@1523311936000" delta="35" flag="A" />
  <time id="157" path="/lab3Santy/PSP0/Code" start="@1523333552706" delta="86" flag="A" />
  <time id="158" path="/lab3Santy/PSP0/Planning" start="@1523333598486" delta="9" flag="A" />
  <time id="159" path="/lab3Santy/PSP0/Code" start="@1523509399698" delta="149" flag="A" />
  <time id="160" path="/lab3Santy/PSP0/Code" start="@1524669244631" delta="152" flag="A" />
</timeLogEntries>
