<?xml version='1.0' encoding='UTF-8' ?>
<timeLogEntries>
  <time path="/new&#10;/FinalProject" flag="R" />
  <time id="6" path="/FinalProject/PSP1/Planning" start="@1526523748000" delta="81" flag="A" />
  <time id="7" path="/FinalProject/PSP1/Planning" start="@1527042204000" delta="32" flag="A" />
  <time id="8" path="/FinalProject/PSP1/Design" start="@1526862225000" delta="92" flag="A" />
  <time id="9" path="/FinalProject/PSP1/Design" start="@1526929483000" delta="42" flag="A" />
  <time id="10" path="/FinalProject/PSP1/Code" start="@1526934937000" delta="110" flag="A" />
  <time id="11" path="/FinalProject/PSP1/Test" start="@1527215963000" delta="87" flag="A" />
  <time id="12" path="/FinalProject/PSP1/Code" start="@1527388807713" delta="9" flag="A" />
</timeLogEntries>
