<?xml version='1.0' encoding='UTF-8' ?>
<timeLogEntries>
  <time id="1" path="/Project/PSP0/Planning" start="@1486086265855" delta="18" comment="Leyendo el caso..." />
  <time id="2" path="/Project/PSP0/Design" start="@1486090288262" delta="1" comment="planeando como hacer el diagrama de objetos..." />
  <time id="3" path="/Project/PSP0/Design" start="@1486122553106" delta="28" comment="haciendo el diagrama de objetos..." />
  <time id="4" path="/Project/PSP0/Code" start="@1486124245882" comment="Implementando la clase Trabajador..." />
  <time id="5" path="/Project/PSP0/Code" start="@1486124238723" delta="21" />
  <time id="6" path="/Project/PSP0/Code" start="@1486127800000" delta="129" />
  <time id="7" path="/Project/PSP0/Code" start="@1486128707000" comment="Implementando clase MicroEmpresa..." />
  <time id="9" path="/Project/PSP0/Planning" start="@1486741563061" delta="9" />
  <time id="10" path="/Project/PSP0/Planning" start="@1486743938608" delta="12" />
  <time id="11" path="/Project/PSP0/Planning" start="@1486746918702" delta="6" />
  <time id="12" path="/Project/PSP0/Design" start="@1486747254287" delta="31" />
  <time id="13" path="/Project/PSP0/Design" start="@1486749635884" delta="62" />
  <time id="14" path="/Project/PSP0/Code" start="@1486765419666" delta="1" />
  <time id="15" path="/Project/PSP0/Code" start="@1486765651656" delta="102" />
  <time id="16" path="/Project/PSP0/Code" start="@1486776381691" delta="53" interrupt="6" />
  <time id="18" path="/Project/PSP0/Code" start="@1487333747460" delta="14" />
  <time id="19" path="/project/PSP0/Planning" start="@1487335078478" delta="19" />
  <time id="20" path="/project/PSP0/Code" start="@1487341920875" delta="94" />
  <time id="86" path="/Non Project/PSP01/Planning" start="@1526689722252" delta="203" />
  <time id="87" path="/Non Project/PSP01/Design" start="@1526701967190" delta="6" />
  <time id="88" path="/Non Project/PSP01/Design" start="@1526867203215" delta="25" />
  <time id="89" path="/Non Project/PSP01/Code" start="@1526868679660" delta="461" />
  <time id="90" path="/Non Project/PSP01/Code" start="@1527366435558" delta="94" />
</timeLogEntries>
