<?xml version='1.0' encoding='UTF-8' ?>
<timeLogEntries>
  <time id="2" path="/Lab1/Lab1/Planning" start="@1485535615163" />
  <time id="3" path="/Lab1/Lab1/Planning" start="@1485535554745" delta="7" />
  <time id="4" path="/Lab1/Lab1/Code" start="@1485535994650" />
  <time id="5" path="/Lab1/Lab1/Code" start="@1485536001864" delta="9" interrupt="4" />
  <time id="6" path="/Lab1/Lab1/Code" start="@1485536861327" delta="16" />
  <time id="7" path="/Lab1/Lab1/Code" start="@1485538139162" delta="4" />
  <time id="8" path="/Lab1/Lab1/Code" start="@1485539256155" delta="9" />
  <time id="9" path="/Lab1/Lab1/Code" start="@1485549147868" delta="18" interrupt="5" />
  <time id="10" path="/Lab1/Lab1/Planning" start="@1485633609844" delta="70" />
  <time id="11" path="/Lab1/Lab1/Code" start="@1485637855050" delta="17" />
  <time id="12" path="/Lab2/PSP0/Planning" start="@1486140213994" delta="6" />
  <time id="13" path="/Lab2/PSP0/Planning" start="@1486141033493" delta="1" interrupt="1" />
  <time id="14" path="/Lab2/PSP0/Planning" start="@1486141465009" delta="4" />
  <time id="15" path="/Lab2/PSP0/Design" start="@1486141723000" delta="60" interrupt="34" />
  <time id="17" path="/Lab2/PSP0/Code" start="@1486230060307" delta="64" />
  <time id="18" path="/Lab2/PSP0/Code" start="@1486245174734" delta="95" interrupt="16" />
  <time id="19" path="/Lab2/PSP0/Test" start="@1486251824264" delta="25" />
  <time id="20" path="/Lab2.1/PSP0.1/Code" start="@1486744990000" delta="21" />
  <time id="21" path="/Lab2.1/PSP0.1/Planning" start="@1486746337960" delta="45" interrupt="3" />
  <time id="22" path="/Lab2.1/PSP0.1/Code" start="@1486862357878" delta="259" />
  <time id="23" path="/Lab2.1/PSP0.1/Code" start="@1486918092827" delta="59" />
  <time id="24" path="/Lab2.1/PSP0.1/Test" start="@1486925922778" delta="13" />
  <time id="25" path="/Lab 3/PSP0.1/Planning" start="@1487346868157" delta="12" />
  <time id="26" path="/Lab 3/PSP0.1/Code" start="@1487347378000" delta="80" />
  <time id="27" path="/Lab 3/PSP0.1/Test" start="@1487370313655" delta="15" />
  <time id="28" path="/Lab 3/PSP0.1/Code" start="@1487353213216" delta="1" interrupt="284" />
  <time id="29" path="/lab unidad 3/PSP0.1/Planning" start="@1488557783994" delta="9" />
  <time id="30" path="/lab unidad 3/PSP0.1/Code" start="@1488558302089" delta="36" />
  <time id="31" path="/lab unidad 3/PSP0.1/Code" start="@1488560548825" delta="44" />
  <time id="32" path="/lab unidad 3/PSP0.1/Test" start="@1488563309418" delta="1" />
  <time id="33" path="/lab2 u3/PSP0.1/Planning" start="@1489163387492" delta="6" />
  <time id="34" path="/lab2 u3/PSP0.1/Code" start="@1489163747041" delta="124" />
  <time id="36" path="/lab2 u3/PSP0.1/Code" start="@1489184857074" delta="13" />
  <time id="37" path="/lab2 u3/PSP0.1/Test" start="@1489185641944" delta="10" />
  <time id="38" path="/lab1_u4/PSP0.1/Planning" start="@1489764025869" delta="12" />
  <time id="39" path="/lab1_u4/PSP0.1/Code" start="@1489766704438" delta="463" interrupt="7" />
  <time id="41" path="/lab1_u4/PSP0.1/Code" start="@1489963995801" delta="36" />
  <time id="42" path="/lab1_u4/PSP0.1/Code" start="@1490151705720" delta="239" />
  <time id="43" path="/lab2U4/PSP0.1/Code" start="@1490372052183" delta="206" />
  <time id="44" path="/lab2U4/PSP0.1/Test" start="@1490457916569" delta="3" />
  <time id="45" path="/LAB1U5/PSP0.1/Planning" start="@1491583081438" delta="33" />
  <time id="47" path="/LAB1U5/PSP0.1/Code" start="@1491591976089" delta="312" />
  <time id="48" path="/LAB1U5/PSP0.1/Test" start="@1491700106000" delta="5" />
  <time id="49" path="/lab2u5/PSP0.1/Planning" start="@1492791171262" delta="5" />
  <time id="50" path="/lab2u5/PSP0.1/Code" start="@1492795095142" delta="60" />
  <time id="51" path="/lab2u5/PSP0.1/Code" start="@1492795109872" delta="230" />
  <time id="52" path="/lab2u5/PSP0.1/Code" start="@1492824091169" delta="11" />
  <time id="54" path="/lab2u5/PSP0.1/Test" start="@1492824784835" delta="12" />
  <time id="55" path="/lab2u5/PSP0.1/Design" start="@1492824798666" delta="11" />
  <time id="56" path="/lab1u6/PSP0.1/Planning" start="@1493392664176" delta="12" />
  <time id="57" path="/lab1u6/PSP0.1/Code" start="@1493392686000" delta="490" />
  <time id="58" path="/lab1u6/PSP0.1/Test" start="@1493592085369" delta="12" />
  <time id="59" path="/Proyecto final/PSP0.1/Planning" start="@1493655646000" delta="146" />
  <time id="60" path="/Proyecto final/PSP0.1/Code" start="@1493767648899" />
  <time id="61" path="/Proyecto final/PSP0.1/Code" start="@1493767660368" delta="257" />
  <time id="62" path="/Proyecto final/PSP0.1/Code" start="@1493848304246" delta="12" />
  <time id="63" path="/u6l2/PSP0.1/Planning" start="@1494003559661" delta="28" />
  <time id="64" path="/u6l2/PSP0.1/Code" start="@1494005232853" delta="37" />
  <time id="65" path="/u6l2/PSP0.1/Code" start="@1494083952943" delta="245" />
  <time id="66" path="/u6l2/PSP0.1/Test" start="@1494102276335" delta="9" />
  <time id="67" path="/Proyecto final/PSP0.1/Code" start="@1494001499000" delta="143" />
  <time id="68" path="/Proyecto final/PSP0.1/Code" start="@1494871910192" delta="40" />
  <time id="69" path="/Proyecto final/PSP0.1/Code" start="@1495562718529" delta="3" />
  <time id="70" path="/Proyecto final/PSP0.1/Test" start="@1495634815049" delta="74" />
  <time id="71" path="/Proyecto final/PSP0.1/Test" start="@1495636829793" delta="6" />
  <time id="72" path="/lab2apo2/PSP0.1/Planning" start="@1502399747000" delta="30" />
  <time id="75" path="/lab2apo2/PSP0.1/Code" start="@1502482687000" delta="27" />
  <time id="76" path="/lab2apo2/PSP0.1/Code" start="@1502489910259" delta="227" />
  <time id="77" path="/lab2apo2/PSP0.1/Code" start="@1502557179000" delta="306" />
  <time id="78" path="/lab3/PSP0.1/Code" start="@1504034528000" delta="160" />
  <time id="79" path="/lab3/PSP0.1/Planning" start="@1503163390000" delta="30" />
  <time id="80" path="/lab3/PSP0.1/Code" start="@1503213834469" delta="138" />
  <time id="81" path="/u2l1/PSP0.1/Planning" start="@1503639623000" delta="18" />
  <time id="82" path="/u2l1/PSP0.1/Code" start="@1503685205000" delta="444" />
  <time id="83" path="/u2l1/PSP0.1/Code" start="@1503776663000" delta="192" />
  <time id="84" path="/u2l2 a00137608/PSP0.1/Planning" start="@1501608158000" delta="10" />
  <time id="85" path="/u2l2 a00137608/PSP0.1/Code" start="@1501608175000" delta="62" />
  <time id="86" path="/u2l2 a00137608/PSP0.1/Code" start="@1504286599365" />
  <time id="87" path="/laboratorio exepciones/PSP0.1/Planning" start="@1504318947000" delta="12" />
  <time id="88" path="/laboratorio exepciones/PSP0.1/Code" start="@1504311423000" delta="263" />
  <time id="89" path="/laboratorio exepciones/PSP0.1/Test" start="@1504448646000" delta="31" />
  <time id="90" path="/lab animacion a00137608/PSP0.1/Planning" start="@1505423947000" delta="12" />
  <time id="91" path="/lab animacion a00137608/PSP0.1/Design" start="@1505585982000" delta="40" />
  <time id="92" path="/lab animacion a00137608/PSP0.1/Design" start="@1505610825000" delta="37" />
  <time id="93" path="/lab animacion a00137608/PSP0.1/Code" start="@1505654565000" delta="84" />
  <time id="94" path="/lab animacion a00137608/PSP0.1/Code" start="@1505683509793" delta="37" />
  <time id="95" path="/U4_LAB1santiago del campo/PSP0.1/Planning" start="@1506729889000" delta="12" />
  <time id="96" path="/U4_LAB1santiago del campo/PSP0.1/Design" start="@1506715303000" delta="32" />
  <time id="97" path="/U4_LAB1santiago del campo/PSP0.1/Code" start="@1506650754000" delta="23" />
  <time id="98" path="/U4_LAB1santiago del campo/PSP0.1/Code" start="@1506723835000" delta="68" />
  <time id="99" path="/U4_LAB1santiago del campo/PSP0.1/Code" start="@1506884756000" delta="184" />
  <time id="100" path="/U4_L2_Santiago_JuanDavid/PSP0.1/Planning" start="@1507327220000" delta="15" />
  <time id="102" path="/U4_L2_Santiago_JuanDavid/PSP0.1/Design" start="@1507329052000" delta="112" />
  <time id="103" path="/U4_L2_Santiago_JuanDavid/PSP0.1/Code" start="@1507415397000" delta="117" />
  <time id="104" path="/U4_L2_Santiago_JuanDavid/PSP0.1/Code" start="@1507415399000" delta="28" />
  <time id="105" path="/lab boutique/PSP0.1/Planning" start="@1508539444000" delta="15" />
  <time id="106" path="/lab boutique/PSP0.1/Code" start="@1508697860000" delta="92" />
  <time id="107" path="/labBoutique2/PSP0.1/Planning" start="@1509141725000" delta="16" />
  <time id="108" path="/labBoutique2/PSP0.1/Design" start="@1509143430000" delta="45" />
  <time id="109" path="/labBoutique2/PSP0.1/Code" start="@1509228168000" delta="82" />
  <time id="110" path="/labPets/PSP0.1/Planning" start="@1509747566000" delta="15" />
  <time id="111" path="/labPets/PSP0.1/Code" start="@1509747594000" delta="103" />
  <time id="112" path="/labPets/PSP0.1/Code" start="@1509819628000" delta="143" />
  <time id="113" path="/labPets/PSP0.1/Code" start="@1509909654000" delta="44" />
  <time id="114" path="/labParejas/PSP0.1/Planning" start="@1510261787000" delta="12" />
  <time id="115" path="/labParejas/PSP0.1/Code" start="@1510341030000" delta="27" />
  <time id="116" path="/labParejas/PSP0.1/Code" start="@1510351202000" delta="40" />
  <time id="117" path="/labParejas/PSP0.1/Code" start="@1510434684000" delta="65" />
  <time id="118" path="/labParejas/PSP0.1/Code" start="@1510425296000" delta="56" />
  <time id="119" path="/labParejas/PSP0.1/Design" start="@1510355538000" delta="92" />
  <time id="120" path="/labParejas/PSP0.1/Code" start="@1510370025000" delta="47" />
  <time id="121" path="/labParejas/PSP0.1/Code" start="@1510522435389" delta="35" />
  <time id="122" path="/proyectoFinal/PSP0.1/Planning" start="@1509595849000" delta="13" comment="creamos el diseno de la interfaz" />
  <time id="123" path="/proyectoFinal/PSP0.1/Design" start="@1509984876000" delta="80" comment="empiezo la interfaz" />
  <time id="124" path="/proyectoFinal/PSP0.1/Design" start="@1510190084000" delta="73" comment="termino o que alguna vez empece" />
  <time id="125" path="/proyectoFinal/PSP0.1/Code" start="@1510287359000" delta="30" />
  <time id="126" path="/proyectoFinal/PSP0.1/Code" start="@1510373761000" delta="20" />
  <time id="127" path="/proyectoFinal/PSP0.1/Code" start="@1511410561000" delta="40" />
  <time id="128" path="/proyectoFinal/PSP0.1/Code" start="@1511496962000" delta="80" />
  <time id="129" path="/proyectoFinal/PSP0.1/Code" start="@1511583362000" delta="40" />
  <time id="130" path="/proyectoFinal/PSP0.1/Code" start="@1511669796000" delta="20" />
  <time id="131" path="/proyectoFinal/PSP0.1/Code" start="@1511756257074" delta="50" />
</timeLogEntries>
