<?xml version='1.0' encoding='UTF-8' ?>
<timeLogEntries>
  <time path="/new&#10;/estrcuturas lab santy" flag="R" />
  <time id="132" path="/estrcuturas lab santy/PSP0.1/Planning" start="@1517008075000" delta="25" flag="A" />
  <time id="133" path="/estrcuturas lab santy/PSP0.1/Planning" start="@1517252954000" delta="16" flag="A" />
  <time id="134" path="/estrcuturas lab santy/PSP0.1/Planning" start="@1517531663000" delta="30" flag="A" />
  <time id="135" path="/estrcuturas lab santy/PSP0.1/Design" start="@1517364668000" delta="25" flag="A" />
  <time id="136" path="/estrcuturas lab santy/PSP0.1/Design" start="@1517627483000" delta="33" flag="A" />
  <time id="137" path="/estrcuturas lab santy/PSP0.1/Design" start="@1517861699000" delta="21" flag="A" />
  <time id="138" path="/estrcuturas lab santy/PSP0.1/Design" start="@1518030695000" delta="40" flag="A" />
  <time id="139" path="/estrcuturas lab santy/PSP0.1/Code" start="@1517078074000" delta="100" flag="A" />
  <time id="140" path="/estrcuturas lab santy/PSP0.1/Code" start="@1517253323000" delta="86" flag="A" />
  <time id="141" path="/estrcuturas lab santy/PSP0.1/Code" start="@1517599388000" delta="61" flag="A" />
</timeLogEntries>
