<?xml version='1.0' encoding='UTF-8' ?>
<timeLogEntries>
  <time id="1" path="/Lab3_LuisMunoz/PSP1/Planning" start="@1523681531432" delta="116" />
  <time id="2" path="/Lab3_LuisMunoz/PSP1/Design" start="@1523688505700" delta="70" />
  <time id="3" path="/Lab3_LuisMunoz/PSP1/Code" start="@1524456599488" delta="71" />
  <time id="4" path="/Lab3_LuisMunoz/PSP1/Code" start="@1524456612951" delta="152" />
  <time id="5" path="/Lab3_LuisMunoz/PSP1/Test" start="@1524456626232" delta="39" />
  <time id="6" path="/FinalProject/PSP1/Planning" start="@1526523748000" delta="81" />
  <time id="7" path="/FinalProject/PSP1/Planning" start="@1527042204000" delta="32" />
  <time id="8" path="/FinalProject/PSP1/Design" start="@1526862225000" delta="92" />
  <time id="9" path="/FinalProject/PSP1/Design" start="@1526929483000" delta="42" />
  <time id="10" path="/FinalProject/PSP1/Code" start="@1526934937000" delta="110" />
  <time id="11" path="/FinalProject/PSP1/Test" start="@1527215963000" delta="87" />
  <time id="12" path="/FinalProject/PSP1/Code" start="@1527388807713" delta="9" />
  <time id="13" path="/FinalProject/PSP1/Code" start="@1527432872555" delta="120" />
</timeLogEntries>
